[
    {
        "id": 1,
        "bookName": "괴테는 모든 것을 말했다",
        "authorName": "스즈키 유이",
        "publisher": "리프",
        "publishDate": "2025.11.19",
        "discount": 10,
        "bookPrice": 17000,
        "point": 850,
        "description": "저명한 괴테 연구가 도이치는 홍차 티백에서 출처 불명의 괴테 명언을 발견한다. “사랑은 모든 것을 혼동시키지 않고 혼연일체로 만든다.” 평생 괴테를 연구한 그조차 본 적 없는 낯선 문",
        "imgSrc": "/images/img1.jpg"
    },
    {
        "id": 2,
        "bookName": "안녕이라 그랬어",
        "authorName": "김애란",
        "publisher": "문학동네",
        "publishDate": "2025.06.20",
        "discount": 10,
        "bookPrice": 16800,
        "point": 840,
        "description": "소설가 김애란이 『바깥은 여름』(문학동네, 2017) 이후 팔 년 만에 새 소설집으로 돌아왔다. “사회적 공간 속을 떠다니는 감정의 입자를 포착하고 그것에 명료한 표현을 부여하는",
        "imgSrc": "/images/img2.jpg"
    },
    {
        "id": 3,
        "bookName": "절창 (10만 부 기념 블랙 에디션)",
        "authorName": "구병모",
        "publisher": "문학동네",
        "publishDate": "2025.09.17",
        "discount": 10,
        "bookPrice": 18000,
        "point": 900,
        "description": "더이상의 수식이 필요치 않은 작가, 그 이름이 하나의 브랜드가 된 구병모의 신작 장편소설 『절창』이 문학동네에서 출간되었다. 장편소설 『파과』로 단단한 서사 장악력을, 『네 이",
        "imgSrc": "/images/img3.jpg"
    }
]